Server Name,Signature Algorithm,Delay,Lat,Lon,Speed (kph),Distance (m)
Georges Home,Rainbow-III-Classic,77.54,45.317985,-75.757525,2.387,62.953
Georges Home,Rainbow-III-Classic,75.961,45.31686,-75.757008333,14.293,184.613
Georges Home,Rainbow-III-Classic,82.998,45.316596667,-75.757121667,7.578,206.596
Georges Home,Rainbow-III-Classic,77.613,45.317915,-75.756721667,7.022,123.199
Georges Home,Rainbow-III-Classic,181.11,45.317033333,-75.757935,2.917,141.538
Georges Home,Rainbow-III-Classic,104.735,45.316563333,-75.757133333,7.866,209.617
Georges Home,Rainbow-III-Classic,161.522,45.316875,-75.757995,2.896,158.424
Georges Home,Rainbow-III-Classic,80.661,45.316286667,-75.757228333,3.606,235.624
Georges Home,Rainbow-III-Classic,226.691,45.317991667,-75.757488333,0.844,64.999
Georges Home,Rainbow-III-Classic,163.683,45.317606667,-75.7577,3.123,85.734
Georges Home,Rainbow-III-Classic,77.531,45.316686667,-75.758071667,13.901,178.825
Georges Home,Rainbow-III-Classic,68.449,45.316621667,-75.758101667,3.245,185.928
Georges Home,Rainbow-III-Classic,92.834,45.316923333,-75.757976667,13.18,153.237
Georges Home,Rainbow-III-Classic,81.59,45.317548333,-75.756733333,3.066,141.61
Georges Home,Rainbow-III-Classic,159.106,45.317323333,-75.756816667,3.279,152.841
Georges Home,Rainbow-III-Classic,91.462,45.315205,-75.757831667,2.979,344.421
Georges Home,Rainbow-III-Classic,88.76,45.316801667,-75.75702,3.519,189.788
Georges Home,Rainbow-III-Classic,158.721,45.315708333,-75.758461667,3.102,288.018
Georges Home,Rainbow-III-Classic,81.239,45.317126667,-75.756896667,3.781,165.015
Georges Home,Rainbow-III-Classic,153.233,45.315653333,-75.758486667,2.788,294.259
Georges Home,Rainbow-III-Classic,183.528,45.315428333,-75.758526667,2.317,319.434
Georges Home,Rainbow-III-Classic,68.963,45.316856667,-75.758006667,3.787,160.362
Georges Home,Rainbow-III-Classic,88.431,45.316448333,-75.758166667,7.866,205.051
Georges Home,Rainbow-III-Classic,92.382,45.31649,-75.757163333,14.492,216.222
Georges Home,Rainbow-III-Classic,90.827,45.317966667,-75.757555,0.0,62.16
Georges Home,Rainbow-III-Classic,154.587,45.316778333,-75.757018333,3.195,192.12
Georges Home,Rainbow-III-Classic,78.802,45.316541667,-75.758131667,2.984,194.734
Georges Home,Rainbow-III-Classic,155.834,45.315471667,-75.758538333,2.562,314.71
Georges Home,Rainbow-III-Classic,85.725,45.316435,-75.758178333,14.682,206.524
Georges Home,Rainbow-III-Classic,80.456,45.315266667,-75.757738333,9.004,338.295
Georges Home,Rainbow-III-Classic,157.128,45.316178333,-75.757248333,2.75,246.571
Georges Home,Rainbow-III-Classic,91.808,45.317601667,-75.757706667,2.943,85.994
Georges Home,Rainbow-III-Classic,76.771,45.317563333,-75.757718333,8.139,89.433
Georges Home,Rainbow-III-Classic,108.617,45.31523,-75.757993333,6.902,340.819
Georges Home,Rainbow-III-Classic,79.455,45.315895,-75.758386667,3.416,266.94
Georges Home,Rainbow-III-Classic,168.653,45.316313333,-75.75822,2.691,220.046
Georges Home,Rainbow-III-Classic,160.311,45.315226667,-75.757761667,2.381,342.527
Georges Home,Rainbow-III-Classic,166.082,45.31746,-75.756758333,3.279,146.044
Georges Home,Rainbow-III-Classic,78.285,45.317065,-75.75793,3.298,138.116
Georges Home,Rainbow-III-Classic,158.024,45.315578333,-75.757508333,2.865,306.542
Georges Home,Rainbow-III-Classic,85.323,45.317411667,-75.756786667,3.425,147.836
Georges Home,Rainbow-III-Classic,78.174,45.317968333,-75.757555,0.0,62.052
Georges Home,Rainbow-III-Classic,80.383,45.317253333,-75.756855,8.091,156.383
Georges Home,Rainbow-III-Classic,75.541,45.315611667,-75.758505,7.495,298.988
Georges Home,Rainbow-III-Classic,87.414,45.317351667,-75.756808333,3.519,151.107
Georges Home,Rainbow-III-Classic,84.092,45.316465,-75.757155,3.354,219.043
Georges Home,Rainbow-III-Classic,82.249,45.317418333,-75.757786667,9.337,102.457
Georges Home,Rainbow-III-Classic,258.01,45.31643,-75.757153333,2.532,222.704
Georges Home,Rainbow-III-Classic,80.559,45.317183333,-75.757881667,3.478,125.828
Georges Home,Rainbow-III-Classic,86.971,45.315225,-75.757873333,6.801,341.947
Georges Home,Rainbow-III-Classic,77.713,45.31741,-75.757793333,8.905,103.174
Georges Home,Rainbow-III-Classic,73.593,45.315673333,-75.758473333,3.425,291.964
Georges Home,Rainbow-III-Classic,82.589,45.317525,-75.756748333,7.84,142.2
Georges Home,Rainbow-III-Classic,84.788,45.316165,-75.757273333,3.298,247.402
Georges Home,Rainbow-III-Classic,78.585,45.317973333,-75.75692,3.148,106.372
Georges Home,Rainbow-III-Classic,153.684,45.316081667,-75.757291667,2.907,255.868
Georges Home,Rainbow-III-Classic,162.822,45.315761667,-75.758438333,3.195,281.978
Georges Home,Rainbow-III-Classic,78.045,45.315373333,-75.758473333,12.084,325.223
Georges Home,Rainbow-III-Classic,167.808,45.317968333,-75.75753,1.672,63.657
Georges Home,Rainbow-III-Classic,148.915,45.317998333,-75.75749,0.935,64.507
Georges Home,Rainbow-III-Classic,161.539,45.315435,-75.757581667,3.066,321.318
Georges Home,Rainbow-III-Classic,74.24,45.317966667,-75.757536667,0.0,63.333
Georges Home,Rainbow-III-Classic,84.192,45.31639,-75.758186667,3.313,211.521
Georges Home,Rainbow-III-Classic,87.131,45.318006667,-75.757138333,4.121,89.027
Georges Home,Rainbow-III-Classic,85.261,45.316136667,-75.757283333,2.958,250.188
Georges Home,Rainbow-III-Classic,90.194,45.315245,-75.757701667,2.706,341.006
Georges Home,Rainbow-III-Classic,160.384,45.317518333,-75.756735,3.226,143.481
Georges Home,Rainbow-III-Classic,278.922,45.318046667,-75.75737,3.442,70.513
Georges Home,Rainbow-III-Classic,86.735,45.316125,-75.758291667,3.425,241.081
Georges Home,Rainbow-III-Classic,190.258,45.31618,-75.758273333,2.317,234.931
Georges Home,Rainbow-III-Classic,75.692,45.315998333,-75.758336667,12.833,255.278
Georges Home,Rainbow-III-Classic,80.245,45.317113333,-75.756911667,8.097,165.462
Georges Home,Rainbow-III-Classic,155.193,45.315678333,-75.758473333,3.457,291.409
Georges Home,Rainbow-III-Classic,82.031,45.317925,-75.757576667,3.586,63.662
Georges Home,Rainbow-III-Classic,78.339,45.317731667,-75.756656667,7.547,136.061
Georges Home,Rainbow-III-Classic,170.455,45.316336667,-75.758211667,2.674,217.449
Georges Home,Rainbow-III-Classic,174.225,45.316556667,-75.758125,2.613,193.082
Georges Home,Rainbow-III-Classic,82.283,45.316233333,-75.758256667,8.305,228.976
Georges Home,Rainbow-III-Classic,89.456,45.31783,-75.756625,2.227,133.695
Georges Home,Rainbow-III-Classic,83.073,45.316368333,-75.757231667,15.933,226.965
Georges Home,Rainbow-III-Classic,75.96,45.318051667,-75.757483333,2.495,62.179
Georges Home,Rainbow-III-Classic,79.677,45.316348333,-75.757203333,3.457,229.807
Georges Home,Rainbow-III-Classic,78.132,45.317888333,-75.757578333,6.55,66.259
Georges Home,Rainbow-III-Classic,85.551,45.315761667,-75.75746,8.216,287.25
Georges Home,Rainbow-III-Classic,83.522,45.317968333,-75.757555,0.0,62.052
Georges Home,Rainbow-III-Classic,78.721,45.315871667,-75.758403333,7.784,269.604
Georges Home,Rainbow-III-Classic,76.369,45.316766667,-75.757048333,7.735,192.142
Georges Home,Rainbow-III-Classic,246.074,45.317363333,-75.757801667,3.174,107.93
Georges Home,Rainbow-III-Classic,82.768,45.315975,-75.757373333,8.128,265.644
Georges Home,Rainbow-III-Classic,84.201,45.316746667,-75.757038333,3.066,194.473
Georges Home,Rainbow-III-Classic,83.99,45.317523333,-75.757736667,3.102,92.914
Georges Home,Rainbow-III-Classic,82.632,45.31551,-75.758535,3.279,310.443
Georges Home,Rainbow-III-Classic,80.155,45.317,-75.757945,8.056,145.094
Georges Home,Rainbow-III-Classic,90.201,45.317966667,-75.757555,0.0,62.16
Georges Home,Rainbow-III-Classic,76.283,45.316986667,-75.756956667,14.78,174.837
Georges Home,Rainbow-III-Classic,99.613,45.316003333,-75.75733,3.251,263.449
Georges Home,Rainbow-III-Classic,92.652,45.317995,-75.757038333,3.277,96.826
Georges Home,Rainbow-III-Classic,159.85,45.317986667,-75.75749,0.669,65.176
Georges Home,Rainbow-III-Classic,94.645,45.31735,-75.757806667,8.305,109.239
Georges Home,Rainbow-III-Classic,170.594,45.315235,-75.757735,2.248,341.822
Georges Home,Rainbow-III-Classic,77.91,45.316661667,-75.757095,7.619,200.917
Georges Home,Rainbow-III-Classic,82.37,45.317126667,-75.756911667,13.767,164.29
Georges Home,Rainbow-III-Classic,139.582,45.316315,-75.757238333,8.231,232.391
Georges Home,Rainbow-III-Classic,95.922,45.317745,-75.75664,2.742,136.556
Georges Home,Rainbow-III-Classic,152.29,45.317625,-75.756691667,2.984,139.559
Georges Home,Rainbow-III-Classic,76.902,45.317288333,-75.75683,3.663,154.882
Georges Home,Rainbow-III-Classic,76.538,45.317383333,-75.757796667,3.184,105.92
Georges Home,Rainbow-III-Classic,79.167,45.318051667,-75.757271667,8.623,77.481
Georges Home,Rainbow-III-Classic,79.338,45.315268333,-75.75814,7.423,336.21
Georges Home,Rainbow-III-Classic,163.609,45.317141667,-75.757888333,3.215,130.272
Georges Home,Rainbow-III-Classic,165.736,45.31658,-75.758116667,2.649,190.511
Georges Home,Rainbow-III-Classic,164.149,45.317988333,-75.757503333,0.0,64.189
Georges Home,Rainbow-III-Classic,159.981,45.31649,-75.758153333,2.495,200.437
Georges Home,Rainbow-III-Classic,73.64,45.318015,-75.757523333,3.112,61.316
Georges Home,Rainbow-III-Classic,76.373,45.316826667,-75.758018333,3.524,163.601
Georges Home,Rainbow-III-Classic,76.728,45.317115,-75.757915,8.643,132.819
Georges Home,Rainbow-III-Classic,86.604,45.316528333,-75.757148333,8.091,212.732
Georges Home,Rainbow-III-Classic,80.293,45.316238333,-75.758256667,8.457,228.42
Georges Home,Rainbow-III-Classic,80.933,45.316553333,-75.757115,3.57,211.211
Georges Home,Rainbow-III-Classic,80.087,45.317831667,-75.757605,6.924,69.265
Georges Home,Rainbow-III-Classic,85.136,45.318008333,-75.757121667,3.138,90.183
Georges Home,Rainbow-III-Classic,156.543,45.317405,-75.756781667,3.154,148.621
Georges Home,Rainbow-III-Classic,77.364,45.316305,-75.758225,3.421,220.975
Georges Home,Rainbow-III-Classic,87.649,45.315611667,-75.757501667,2.887,302.99
Georges Home,Rainbow-III-Classic,153.131,45.316626667,-75.758098333,2.675,185.383
Georges Home,Rainbow-III-Classic,76.991,45.317993333,-75.75702,6.94,98.241
Georges Home,Rainbow-III-Classic,160.16,45.316231667,-75.757226667,3.328,241.459
Georges Home,Rainbow-III-Classic,86.041,45.31781,-75.756623333,2.449,134.687
Georges Home,Rainbow-III-Classic,77.781,45.317235,-75.756853333,14.079,157.982
Georges Home,Rainbow-III-Classic,85.567,45.316881667,-75.75702,14.508,182.074
Georges Home,Rainbow-III-Classic,81.462,45.317271667,-75.757845,3.143,116.869
Georges Home,Rainbow-III-Classic,161.561,45.317001667,-75.756928333,3.195,174.712
Georges Home,Rainbow-III-Classic,72.211,45.315735,-75.758451667,3.849,285.006
Georges Home,Rainbow-III-Classic,75.793,45.315218333,-75.75776,2.727,343.462
Georges Home,Rainbow-III-Classic,78.167,45.317043333,-75.75694,8.169,170.397
Georges Home,Rainbow-III-Classic,77.802,45.317703333,-75.75766,7.753,77.984
Georges Home,Rainbow-III-Classic,159.314,45.317441667,-75.757768333,3.303,100.473
Georges Home,Rainbow-III-Classic,154.051,45.316851667,-75.758005,2.709,160.928
Georges Home,Rainbow-III-Classic,89.971,45.315273333,-75.758126667,9.207,335.671
Georges Home,Rainbow-III-Classic,76.05,45.316931667,-75.757971667,7.814,152.362
Georges Home,Rainbow-III-Classic,74.135,45.317966667,-75.757536667,0.0,63.333
Georges Home,Rainbow-III-Classic,152.428,45.316245,-75.758246667,2.459,227.665
Georges Home,Rainbow-III-Classic,88.713,45.316898333,-75.758,8.235,155.804
Georges Home,Rainbow-III-Classic,75.93,45.317321667,-75.756826667,8.175,152.417
Georges Home,Rainbow-III-Classic,74.119,45.316386667,-75.757206667,8.355,225.714
Georges Home,Rainbow-III-Classic,83.02,45.31653,-75.75814,8.414,196.014
Georges Home,Rainbow-III-Classic,154.869,45.31766,-75.757678333,3.22,81.343
Georges Home,Rainbow-III-Classic,74.347,45.316615,-75.75711,14.07,205.118
Georges Home,Rainbow-III-Classic,275.157,45.315313333,-75.757646667,2.685,333.994
Georges Home,Rainbow-III-Classic,79.13,45.317966667,-75.757536667,0.0,63.333
Georges Home,Rainbow-III-Classic,74.483,45.317966667,-75.757555,0.0,62.16
Georges Home,Rainbow-III-Classic,80.136,45.317835,-75.756651667,2.742,131.552
Georges Home,Rainbow-III-Classic,81.916,45.31687,-75.757013333,8.269,183.456
Georges Home,Rainbow-III-Classic,165.609,45.316653333,-75.758088333,2.871,182.458
Georges Home,Rainbow-III-Classic,156.846,45.316753333,-75.758048333,3.082,171.544
Georges Home,Rainbow-III-Classic,85.175,45.317468333,-75.756763333,3.051,145.154
Georges Home,Rainbow-III-Classic,81.874,45.316111667,-75.75732,7.758,252.05
Georges Home,Rainbow-III-Classic,82.593,45.317566667,-75.757728333,8.875,88.768
Georges Home,Rainbow-III-Classic,99.946,45.315368333,-75.758485,2.604,325.84
Georges Home,Rainbow-III-Classic,157.517,45.31629,-75.758228333,2.588,222.645
Georges Home,Rainbow-III-Classic,82.407,45.315915,-75.75737,3.494,272.178
Georges Home,Rainbow-III-Classic,80.444,45.317686667,-75.757663333,7.079,79.409
Georges Home,Rainbow-III-Classic,109.29,45.316086667,-75.758316667,8.437,245.405
Georges Home,Rainbow-III-Classic,161.058,45.315791667,-75.758426667,3.066,278.591
Georges Home,Rainbow-III-Classic,164.229,45.315868333,-75.758395,2.709,269.936
Georges Home,Rainbow-III-Classic,195.139,45.316628333,-75.75707,2.876,205.105
Georges Home,Rainbow-III-Classic,79.663,45.316058333,-75.75833,14.317,248.593
Georges Home,Rainbow-III-Classic,161.567,45.315981667,-75.757336667,3.066,265.642
Georges Home,Rainbow-III-Classic,73.319,45.318048333,-75.757415,3.395,67.201
Georges Home,Rainbow-III-Classic,79.411,45.317315,-75.756835,8.38,152.484
Georges Home,Rainbow-III-Classic,107.747,45.316225,-75.757251667,3.457,241.552
Georges Home,Rainbow-III-Classic,224.058,45.316221667,-75.758255,2.598,230.27
Georges Home,Rainbow-III-Classic,73.749,45.317665,-75.756681667,7.696,137.921
Georges Home,Rainbow-III-Classic,153.359,45.316006667,-75.757326667,2.999,263.159
Georges Home,Rainbow-III-Classic,79.11,45.315833333,-75.757431667,8.269,279.922
Georges Home,Rainbow-III-Classic,92.193,45.316135,-75.75731,8.252,249.775
Georges Home,Rainbow-III-Classic,158.098,45.316915,-75.756963333,3.102,181.227
Georges Home,Rainbow-III-Classic,78.563,45.316061667,-75.75734,8.626,256.985
Georges Home,Rainbow-III-Classic,80.981,45.318025,-75.757441667,6.364,66.417
Georges Home,Rainbow-III-Classic,86.971,45.318011667,-75.756946667,8.955,103.031
Georges Home,Rainbow-III-Classic,73.278,45.31746,-75.756766667,8.102,145.539
Georges Home,Rainbow-III-Classic,155.26,45.315546667,-75.758523333,3.035,306.305
Georges Home,Rainbow-III-Classic,158.217,45.315248333,-75.757986667,2.639,338.809
Georges Home,Rainbow-III-Classic,85.728,45.317761667,-75.756655,2.788,134.682
Georges Home,Rainbow-III-Classic,167.355,45.31777,-75.75763,3.38,73.274
Georges Home,Rainbow-III-Classic,81.991,45.317686667,-75.756678333,11.853,136.945
Georges Home,Rainbow-III-Classic,74.848,45.317823333,-75.757623333,3.066,69.006
Georges Home,Rainbow-III-Classic,94.807,45.318035,-75.757278333,3.096,77.656
Georges Home,Rainbow-III-Classic,97.29,45.318028333,-75.757153333,8.545,87.087
Georges Home,Rainbow-III-Classic,151.372,45.316826667,-75.758015,2.742,163.623
Georges Home,Rainbow-III-Classic,156.27,45.317111667,-75.756893333,2.887,166.489
Georges Home,Rainbow-III-Classic,68.589,45.315288333,-75.758238333,6.647,333.971
Georges Home,Rainbow-III-Classic,84.72,45.3173,-75.757831667,3.164,114.072
Georges Home,Rainbow-III-Classic,73.823,45.316213333,-75.75826,3.457,231.204
Georges Home,Rainbow-III-Classic,170.127,45.316423333,-75.758178333,2.495,207.821
Georges Home,Rainbow-III-Classic,74.956,45.315785,-75.758423333,12.154,279.314
Georges Home,Rainbow-III-Classic,75.884,45.316561667,-75.758125,14.508,192.527
Georges Home,Rainbow-III-Classic,79.663,45.317875,-75.757603333,2.629,65.871
Georges Home,Rainbow-III-Classic,79.108,45.31707,-75.757918333,7.877,137.71
Georges Home,Rainbow-III-Classic,105.557,45.315645,-75.758485,3.246,295.172
Georges Home,Rainbow-III-Classic,83.368,45.31601,-75.758338333,3.19,253.988
Georges Home,Rainbow-III-Classic,79.057,45.31739,-75.756796667,8.133,148.863
Georges Home,Rainbow-III-Classic,73.277,45.31785,-75.756665,7.098,129.948
Georges Home,Rainbow-III-Classic,183.648,45.317991667,-75.757046667,3.39,96.341
Georges Home,Rainbow-III-Classic,82.762,45.317495,-75.756753333,3.087,143.917
Georges Home,Rainbow-III-Classic,103.681,45.31638,-75.757191667,3.555,226.816
Georges Home,Rainbow-III-Classic,151.392,45.317688333,-75.757666667,3.262,79.113
Georges Home,Rainbow-III-Classic,78.061,45.315231667,-75.757961667,7.22,340.761
Georges Home,Rainbow-III-Classic,80.61,45.31594,-75.758375,8.483,261.897
Georges Home,Rainbow-III-Classic,77.602,45.315363333,-75.75847,6.822,326.315
Georges Home,Rainbow-III-Classic,83.53,45.316385,-75.758196667,8.221,212.075
Georges Home,Rainbow-III-Classic,80.405,45.316256667,-75.75724,3.663,238.492
Georges Home,Rainbow-III-Classic,78.848,45.31701,-75.75795,3.133,143.94
Georges Home,Rainbow-III-Classic,82.968,45.317966667,-75.757555,0.0,62.16
Georges Home,Rainbow-III-Classic,85.294,45.315256667,-75.758171667,3.195,337.482
Georges Home,Rainbow-III-Classic,88.753,45.317456667,-75.756776667,8.091,145.172
Georges Home,Rainbow-III-Classic,85.525,45.31528,-75.758246667,3.38,334.903
Georges Home,Rainbow-III-Classic,73.117,45.317468333,-75.75776,3.226,97.914
Georges Home,Rainbow-III-Classic,158.211,45.317195,-75.757866667,3.066,124.797
Georges Home,Rainbow-III-Classic,156.691,45.316676667,-75.757053333,2.674,200.853
Georges Home,Rainbow-III-Classic,88.565,45.31789,-75.75666,2.583,128.696
Georges Home,Rainbow-III-Classic,97.866,45.315306667,-75.758318333,6.734,332.051
Georges Home,Rainbow-III-Classic,82.354,45.315475,-75.757553333,3.409,317.271
Georges Home,Rainbow-III-Classic,150.854,45.317988333,-75.757503333,0.0,64.189
Georges Home,Rainbow-III-Classic,85.259,45.318021667,-75.757201667,3.223,83.794
Georges Home,Rainbow-III-Classic,76.492,45.316181667,-75.758281667,14.649,234.763
Georges Home,Rainbow-III-Classic,76.487,45.317966667,-75.757555,0.0,62.16
Georges Home,Rainbow-III-Classic,78.831,45.315336667,-75.757628333,3.189,331.613
Georges Home,Rainbow-III-Classic,71.111,45.318,-75.756926667,8.514,104.922
Georges Home,Rainbow-III-Classic,78.224,45.317493333,-75.757753333,7.99,95.508
Georges Home,Rainbow-III-Classic,76.942,45.315733333,-75.75846,8.056,285.237
Georges Home,Rainbow-III-Classic,160.36,45.317988333,-75.757503333,0.087,64.189
Georges Home,Rainbow-III-Classic,72.132,45.316448333,-75.758161667,3.282,205.056
Georges Home,Rainbow-III-Classic,154.335,45.3176,-75.756701667,2.887,140.401
Georges Home,Rainbow-III-Classic,75.686,45.315373333,-75.758468333,6.654,325.198
Georges Home,Rainbow-III-Classic,165.428,45.316468333,-75.758163333,2.454,202.832
Georges Home,Rainbow-III-Classic,169.262,45.31783,-75.757605,3.55,69.402
Georges Home,Rainbow-III-Classic,78.781,45.316833333,-75.757021667,7.804,186.657
Georges Home,Rainbow-III-Classic,77.856,45.31784,-75.757613333,5.596,68.14
Georges Home,Rainbow-III-Classic,78.095,45.317198333,-75.757868333,14.758,124.408
Georges Home,Rainbow-III-Classic,156.015,45.31718,-75.756868333,2.727,161.823
Georges Home,Rainbow-III-Classic,219.248,45.31758,-75.75771,3.097,88.038
Georges Home,Rainbow-III-Classic,74.305,45.316091667,-75.758315,8.349,244.845
Georges Home,Rainbow-III-Classic,122.545,45.317896667,-75.757593333,2.532,64.767
Georges Home,Rainbow-III-Classic,160.595,45.317526667,-75.757733333,3.279,92.675
Georges Home,Rainbow-III-Classic,75.544,45.317411667,-75.757783333,3.279,103.243
Georges Home,Rainbow-III-Classic,76.394,45.31562,-75.757516667,7.85,301.869
Georges Home,Rainbow-III-Classic,108.951,45.316638333,-75.75708,3.279,203.764
Georges Home,Rainbow-III-Classic,86.584,45.315291667,-75.758286667,3.394,333.657
Georges Home,Rainbow-III-Classic,80.365,45.318005,-75.757538333,2.284,60.88
Georges Home,Rainbow-III-Classic,79.997,45.317973333,-75.757551667,1.533,61.944
Georges Home,Rainbow-III-Classic,79.49,45.317871667,-75.756643333,2.404,130.639
Georges Home,Rainbow-III-Classic,135.381,45.316503333,-75.757178333,15.006,214.408
Georges Home,Rainbow-III-Classic,82.216,45.316523333,-75.75713,3.488,213.804
Georges Home,Rainbow-III-Classic,71.637,45.318021667,-75.757491667,6.009,63.114
Georges Home,Rainbow-III-Classic,75.503,45.31698,-75.757961667,3.55,147.125
Georges Home,Rainbow-III-Classic,582.659,45.316056667,-75.757303333,2.917,258.288
Georges Home,Rainbow-III-Classic,71.955,45.316795,-75.758026667,7.913,167.053
Georges Home,Rainbow-III-Classic,79.535,45.315601667,-75.757521667,8.269,303.806
Georges Home,Rainbow-III-Classic,84.465,45.318058333,-75.757455,2.64,63.883
Georges Home,Rainbow-III-Classic,83.675,45.316331667,-75.758211667,3.457,218.004
Georges Home,Rainbow-III-Classic,78.545,45.317143333,-75.757895,11.268,129.994
Georges Home,Rainbow-III-Classic,76.377,45.317326667,-75.75782,14.857,111.447
Georges Home,Rainbow-III-Classic,86.237,45.31697,-75.757973333,8.319,148.116
Georges Home,Rainbow-III-Classic,92.824,45.315731667,-75.757453333,3.503,290.621
Georges Home,Rainbow-III-Classic,160.982,45.317988333,-75.757503333,0.005,64.189
Georges Home,Rainbow-III-Classic,81.119,45.316896667,-75.75699,3.565,181.854
Georges Home,Rainbow-III-Classic,205.286,45.315473333,-75.758543333,7.228,314.559
Georges Home,Rainbow-III-Classic,158.061,45.315253333,-75.758018333,2.545,338.142
Georges Home,Rainbow-III-Classic,83.677,45.317796667,-75.757635,3.226,70.699
Georges Home,Rainbow-III-Classic,79.423,45.317601667,-75.756711667,3.174,139.644
Georges Home,Rainbow-III-Classic,181.265,45.315555,-75.75752,2.793,308.936
Georges Home,Rainbow-III-Classic,155.951,45.317415,-75.75778,2.994,102.974
Georges Home,Rainbow-III-Classic,155.817,45.315916667,-75.758376667,2.835,264.493
Georges Home,Rainbow-III-Classic,97.995,45.31696,-75.756966667,3.668,176.877
Georges Home,Rainbow-III-Classic,90.066,45.316353333,-75.757221667,8.272,228.799
Georges Home,Rainbow-III-Classic,88.777,45.316456667,-75.758168333,8.452,204.124
Georges Home,Rainbow-III-Classic,77.283,45.316865,-75.756998333,3.636,184.533
Georges Home,Rainbow-III-Classic,82.919,45.317653333,-75.757686667,2.973,81.662
Georges Home,Rainbow-III-Classic,75.904,45.316588333,-75.758105,14.293,189.619
Georges Home,Rainbow-III-Classic,80.245,45.316493333,-75.757163333,7.913,215.879
Georges Home,Rainbow-III-Classic,290.051,45.31735,-75.756805,3.19,151.424
Georges Home,Rainbow-III-Classic,92.465,45.318051667,-75.757353333,2.969,71.508
Georges Home,Rainbow-III-Classic,82.093,45.31794,-75.756743333,9.318,120.671
Georges Home,Rainbow-III-Classic,93.412,45.316343333,-75.758203333,13.715,216.706
Georges Home,Rainbow-III-Classic,157.62,45.316701667,-75.75807,2.887,177.168
Georges Home,Rainbow-III-Classic,83.902,45.317925,-75.756748333,2.814,120.855
Georges Home,Rainbow-III-Classic,161.105,45.3177,-75.75666,2.887,137.481
Georges Home,Rainbow-III-Classic,77.106,45.315666667,-75.758486667,7.49,292.781
Georges Home,Rainbow-III-Classic,89.793,45.31533,-75.75835,10.011,329.539
Georges Home,Rainbow-III-Classic,165.618,45.317471667,-75.757756667,3.279,97.66
Georges Home,Rainbow-III-Classic,141.114,45.31568,-75.75848,7.845,291.264
Georges Home,Rainbow-III-Classic,179.099,45.317988333,-75.757503333,0.0,64.189
Georges Home,Rainbow-III-Classic,73.6,45.315291667,-75.758378333,11.39,333.883
Georges Home,Rainbow-III-Classic,108.503,45.318036667,-75.75719,6.369,84.068
Georges Home,Rainbow-III-Classic,82.957,45.316275,-75.758236667,3.431,224.32
Georges Home,Rainbow-III-Classic,183.071,45.315303333,-75.75827,2.84,332.336
Georges Home,Rainbow-III-Classic,79.824,45.316281667,-75.757251667,8.493,235.567
Georges Home,Rainbow-III-Classic,81.25,45.316831667,-75.758003333,13.756,163.153
Georges Home,Rainbow-III-Classic,84.523,45.316031667,-75.75732,3.179,260.614
Georges Home,Rainbow-III-Classic,86.16,45.31568,-75.758465,12.002,291.177
Georges Home,Rainbow-III-Classic,78.556,45.31786,-75.756671667,7.241,129.045
Georges Home,Rainbow-III-Classic,82.438,45.316166667,-75.758285,8.269,236.437
Georges Home,Rainbow-III-Classic,86.081,45.317685,-75.756681667,3.035,136.809
Georges Home,Rainbow-III-Classic,89.003,45.316751667,-75.758056667,8.442,171.685
Georges Home,Rainbow-III-Classic,194.413,45.315601667,-75.758513333,7.372,300.149
Georges Home,Rainbow-III-Classic,96.542,45.315355,-75.758456667,2.593,327.173
Georges Home,Rainbow-III-Classic,79.311,45.317976667,-75.756826667,7.85,113.18
Georges Home,Rainbow-III-Classic,107.278,45.317966667,-75.757555,0.0,62.16
Georges Home,Rainbow-III-Classic,75.308,45.316796667,-75.75803,3.272,166.848
Georges Home,Rainbow-III-Classic,71.344,45.315953333,-75.758361667,3.279,260.363
Georges Home,Rainbow-III-Classic,153.617,45.316925,-75.757975,2.876,153.068
Georges Home,Rainbow-III-Classic,152.771,45.31765,-75.756681667,2.907,138.772
Georges Home,Rainbow-III-Classic,75.91,45.315951667,-75.758371667,7.886,260.588
Georges Home,Rainbow-III-Classic,79.61,45.316631667,-75.757125,14.389,202.944
Georges Home,Rainbow-III-Classic,93.546,45.317925,-75.757563333,6.285,64.466
Georges Home,Rainbow-III-Classic,75.26,45.317963333,-75.757551667,8.303,62.589
Georges Home,Rainbow-III-Classic,162.004,45.317988333,-75.757503333,0.0,64.189
Georges Home,Rainbow-III-Classic,78.515,45.31796,-75.756883333,2.896,109.578
Georges Home,Rainbow-III-Classic,85.206,45.317968333,-75.757555,0.01,62.052
Georges Home,Rainbow-III-Classic,81.661,45.315591667,-75.758503333,3.035,301.193
Georges Home,Rainbow-III-Classic,347.22,45.315245,-75.757903333,8.826,339.562
Georges Home,Rainbow-III-Classic,76.771,45.315675,-75.75749,8.52,296.24
Georges Home,Rainbow-III-Classic,165.73,45.31695,-75.757965,2.917,150.401
Georges Home,Rainbow-III-Classic,151.767,45.315375,-75.758466667,2.475,325.004
Georges Home,Rainbow-III-Classic,73.532,45.315833333,-75.758413333,3.462,273.904
Georges Home,Rainbow-III-Classic,160.956,45.315338333,-75.758386667,2.484,328.73
Georges Home,Rainbow-III-Classic,173.424,45.315725,-75.757446667,3.128,291.452
Georges Home,Rainbow-III-Classic,78.528,45.317353333,-75.756806667,13.736,151.073
Georges Home,Rainbow-III-Classic,96.745,45.316728333,-75.758053333,7.773,174.29
Georges Home,Rainbow-III-Classic,157.662,45.315335,-75.757633333,2.48,331.744
Georges Home,Rainbow-III-Classic,78.934,45.315346667,-75.757633333,8.499,330.459
Georges Home,Rainbow-III-Classic,252.215,45.315825,-75.757413333,3.596,281.138
Georges Home,Rainbow-III-Classic,105.245,45.31533,-75.758398333,2.644,329.697
Georges Home,Rainbow-III-Classic,158.27,45.315598333,-75.758508333,3.245,300.486
Georges Home,Rainbow-III-Classic,82.796,45.317451667,-75.757771667,14.613,99.338
Georges Home,Rainbow-III-Classic,84.523,45.31788,-75.756673333,2.521,128.111
Georges Home,Rainbow-III-Classic,152.623,45.31551,-75.757543333,2.804,313.559
Georges Home,Rainbow-III-Classic,79.585,45.316086667,-75.757303333,2.948,255.081
Georges Home,Rainbow-III-Classic,172.25,45.315651667,-75.757478333,2.887,298.959
Georges Home,Rainbow-III-Classic,76.537,45.315701667,-75.758473333,13.123,288.823
Georges Home,Rainbow-III-Classic,155.083,45.315225,-75.757825,2.675,342.251
Georges Home,Rainbow-III-Classic,172.413,45.315848333,-75.75742,13.736,278.493
Georges Home,Rainbow-III-Classic,110.514,45.317261667,-75.757853333,8.661,117.797
Georges Home,Rainbow-III-Classic,78.19,45.317625,-75.757691667,7.135,84.233
Georges Home,Rainbow-III-Classic,124.216,45.318036667,-75.75728,6.918,77.466
Georges Home,Rainbow-III-Classic,81.424,45.315483333,-75.758533333,7.058,313.385
Georges Home,Rainbow-III-Classic,87.017,45.316183333,-75.75827,3.425,234.554
Georges Home,Rainbow-III-Classic,78.078,45.31665,-75.758091667,3.318,182.816
Georges Home,Rainbow-III-Classic,92.299,45.317986667,-75.756998333,3.021,100.09
Georges Home,Rainbow-III-Classic,76.731,45.31747,-75.756766667,12.939,144.834
Georges Home,Rainbow-III-Classic,158.043,45.317548333,-75.756723333,3.03,142.247
Georges Home,Rainbow-III-Classic,76.546,45.31609,-75.757336667,16.01,254.017
Georges Home,Rainbow-III-Classic,73.805,45.318021667,-75.757236667,3.627,81.239
Georges Home,Rainbow-III-Classic,81.166,45.317488333,-75.75776,9.09,95.836
Georges Home,Rainbow-III-Classic,159.049,45.316128333,-75.757271667,2.845,251.339
Georges Home,Rainbow-III-Classic,153.957,45.315573333,-75.758515,2.827,303.298
Georges Home,Rainbow-III-Classic,78.699,45.317951667,-75.757565,2.228,62.523
Georges Home,Rainbow-III-Classic,87.989,45.317785,-75.756666667,10.967,132.736
Georges Home,Rainbow-III-Classic,79.631,45.317716667,-75.757665,8.231,76.527
Georges Home,Rainbow-III-Classic,83.084,45.317796667,-75.757636667,10.622,70.618
Georges Home,Rainbow-III-Classic,76.213,45.31771,-75.757666667,3.245,77.078
Georges Home,Rainbow-III-Classic,75.773,45.317963333,-75.757556667,0.864,62.271
Georges Home,Rainbow-III-Classic,98.857,45.316951667,-75.757958333,13.792,150.282
Georges Home,Rainbow-III-Classic,82.863,45.317191667,-75.756868333,3.879,160.834
Georges Home,Rainbow-III-Classic,97.365,45.317966667,-75.757536667,0.0,63.333
Georges Home,Rainbow-III-Classic,98.515,45.315391667,-75.758441667,9.98,323.034
Georges Home,Rainbow-III-Classic,175.583,45.315485,-75.757556667,3.066,316.132
Georges Home,Rainbow-III-Classic,82.935,45.317913333,-75.756716667,2.475,123.631
Georges Home,Rainbow-III-Classic,188.521,45.317715,-75.757655,3.102,77.113
Georges Home,Rainbow-III-Classic,164.121,45.316553333,-75.757101667,3.102,211.634
Georges Home,Rainbow-III-Classic,70.705,45.31768,-75.757676667,3.21,79.495
Georges Home,Rainbow-III-Classic,86.794,45.315313333,-75.757661667,6.497,333.843
Georges Home,Rainbow-III-Classic,188.708,45.315285,-75.75766,2.979,336.984
Georges Home,Rainbow-III-Classic,73.338,45.315418333,-75.757585,3.21,323.111
Georges Home,Rainbow-III-Classic,166.956,45.316066667,-75.758311667,2.531,247.612
Georges Home,Rainbow-III-Classic,166.135,45.315903333,-75.757371667,3.066,273.407
Georges Home,Rainbow-III-Classic,74.82,45.318033333,-75.757365,6.945,71.46
Georges Home,Rainbow-III-Classic,80.965,45.315363333,-75.757613333,3.19,328.839
Georges Home,Rainbow-III-Classic,80.436,45.316691667,-75.757058333,3.245,199.187
Georges Home,Rainbow-III-Classic,73.466,45.31611,-75.758295,13.225,242.755
Georges Home,Rainbow-III-Classic,82.338,45.315908333,-75.757396667,9.053,272.408
Georges Home,Rainbow-III-Classic,86.967,45.318023333,-75.75745,5.582,65.918
Georges Home,Rainbow-III-Classic,101.064,45.31529,-75.75823,7.274,333.78
Georges Home,Rainbow-III-Classic,83.159,45.317496667,-75.757748333,3.102,95.307
Georges Home,Rainbow-III-Classic,86.882,45.315208333,-75.757908333,3.185,343.602
Georges Home,Rainbow-III-Classic,79.199,45.317945,-75.756758333,2.629,119.379
Georges Home,Rainbow-III-Classic,79.208,45.315565,-75.758513333,3.046,304.21
Georges Home,Rainbow-III-Classic,156.864,45.31717,-75.757876667,2.973,127.358
Georges Home,Rainbow-III-Classic,78.596,45.317188333,-75.757883333,8.648,125.258
Georges Home,Rainbow-III-Classic,81.386,45.317943333,-75.757571667,2.66,62.679
Georges Home,Rainbow-III-Classic,82.862,45.315266667,-75.757713333,6.854,338.509
Georges Home,Rainbow-III-Classic,92.858,45.317656667,-75.756693333,7.699,137.606
Georges Home,Rainbow-III-Classic,89.135,45.315316667,-75.758365,3.169,331.064
Georges Home,Rainbow-III-Classic,76.285,45.31724,-75.756865,8.661,156.958
Georges Home,Rainbow-III-Classic,170.47,45.315496667,-75.758536667,2.806,311.93
Georges Home,Rainbow-III-Classic,116.718,45.315536667,-75.757528333,3.636,310.832
Georges Home,Rainbow-III-Classic,230.036,45.315981667,-75.758346667,2.459,257.162
Georges Home,Rainbow-III-Classic,80.473,45.316661667,-75.75808,7.699,181.565
Georges Home,Rainbow-III-Classic,89.533,45.31797,-75.756921667,3.123,106.374
Georges Home,Rainbow-III-Classic,157.197,45.31725,-75.757846667,3.251,119.179
Georges Home,Rainbow-III-Classic,85.853,45.315326667,-75.757656667,8.905,332.423
Georges Home,Rainbow-III-Classic,160.544,45.317988333,-75.757503333,0.0,64.189
Georges Home,Rainbow-III-Classic,77.308,45.316363333,-75.757215,15.041,227.928
Georges Home,Rainbow-III-Classic,82.35,45.31642,-75.758175,3.344,208.193
Georges Home,Rainbow-III-Classic,82.054,45.315475,-75.758495,11.117,314.071
Georges Home,Rainbow-III-Classic,78.998,45.315925,-75.758373333,3.37,263.554
Georges Home,Rainbow-III-Classic,161.941,45.31638,-75.758196667,2.357,212.63
Georges Home,Rainbow-III-Classic,82.769,45.317941667,-75.756815,2.65,115.309
Georges Home,Rainbow-III-Classic,153.38,45.317488333,-75.756745,3.318,144.889
Georges Home,Rainbow-III-Classic,75.099,45.315481667,-75.758541667,3.154,313.625
Georges Home,Rainbow-III-Classic,164.182,45.31635,-75.757185,3.425,230.125
Georges Home,Rainbow-III-Classic,148.171,45.315843333,-75.758405,2.819,272.755
Georges Home,Rainbow-III-Classic,77.687,45.317125,-75.757906667,3.457,131.835
Georges Home,Rainbow-III-Classic,112.65,45.315225,-75.757821667,6.559,342.273
Georges Home,Rainbow-III-Classic,76.243,45.317991667,-75.757506667,6.301,63.771
Georges Home,Rainbow-III-Classic,78.378,45.31651,-75.758141667,3.292,198.233
Georges Home,Rainbow-III-Classic,90.273,45.317278333,-75.757835,8.056,116.339
Georges Home,Rainbow-III-Classic,124.601,45.315816667,-75.757441667,14.43,281.565
Georges Home,Rainbow-III-Classic,94.17,45.315588333,-75.75851,12.722,301.605
Georges Home,Rainbow-III-Classic,80.416,45.317258333,-75.75684,3.887,156.77
Georges Home,Rainbow-III-Classic,161.444,45.315626667,-75.757488333,2.887,301.542
Georges Home,Rainbow-III-Classic,152.337,45.318011667,-75.757495,0.614,63.426
Georges Home,Rainbow-III-Classic,185.135,45.316778333,-75.758036667,2.984,168.839
Georges Home,Rainbow-III-Classic,84.332,45.317961667,-75.756853333,6.575,111.733
Georges Home,Rainbow-III-Classic,112.869,45.316708333,-75.758065,3.328,176.451
Georges Home,Rainbow-III-Classic,90.34,45.31763,-75.756701667,3.262,138.6
Georges Home,Rainbow-III-Classic,78.703,45.315255,-75.757795,8.54,339.141
Georges Home,Rainbow-III-Classic,153.43,45.315263333,-75.758085,2.897,336.852
Georges Home,Rainbow-III-Classic,78.646,45.315456667,-75.758545,2.814,316.416
Georges Home,Rainbow-III-Classic,102.898,45.315768333,-75.758438333,3.996,281.239
Georges Home,Rainbow-III-Classic,77.615,45.316043333,-75.757346667,7.897,258.816
Georges Home,Rainbow-III-Classic,138.278,45.315245,-75.758098333,10.397,338.863
Georges Home,Rainbow-III-Classic,154.527,45.315285,-75.758198333,3.021,334.326
Georges Home,Rainbow-III-Classic,89.255,45.317966667,-75.757555,0.0,62.16
Georges Home,Rainbow-III-Classic,97.074,45.317598333,-75.75671,7.913,139.957
Georges Home,Rainbow-III-Classic,167.225,45.316888333,-75.756975,3.066,183.258
Georges Home,Rainbow-III-Classic,75.933,45.317721667,-75.756668333,7.408,135.765
Georges Home,Rainbow-III-Classic,81.262,45.317966667,-75.757555,0.334,62.16
Georges Home,Rainbow-III-Classic,154.898,45.317723333,-75.75665,2.709,136.952
Georges Home,Rainbow-III-Classic,78.369,45.315291667,-75.757681667,6.585,336.039
Georges Home,Rainbow-III-Classic,173.044,45.316676667,-75.75808,2.788,179.9
Georges Home,Rainbow-III-Classic,177.01,45.31791,-75.757568333,3.056,65.24
Georges Home,Rainbow-III-Classic,78.76,45.31796,-75.756836667,3.015,113.029
Georges Home,Rainbow-III-Classic,93.832,45.316438333,-75.757166667,3.318,221.459
Georges Home,Rainbow-III-Classic,83.985,45.316773333,-75.75703,3.035,192.169
Georges Home,Rainbow-III-Classic,86.358,45.317783333,-75.757636667,7.022,71.782
Georges Home,Rainbow-III-Classic,167.182,45.31728,-75.757835,3.272,116.16
Georges Home,Rainbow-III-Classic,82.892,45.317095,-75.75691,3.849,167.16
Georges Home,Rainbow-III-Classic,76.497,45.315406667,-75.758526667,2.917,321.834
Georges Home,Rainbow-III-Classic,78.714,45.316093333,-75.758303333,3.436,244.628
Georges Home,Rainbow-III-Classic,88.222,45.315815,-75.758428333,7.913,276.012
Georges Home,Rainbow-III-Classic,164.66,45.317308333,-75.757825,3.102,113.31
Georges Home,Rainbow-III-Classic,162.646,45.316133333,-75.75829,2.608,240.151
Georges Home,Rainbow-III-Classic,154.097,45.316088333,-75.758305,2.588,245.188
Georges Home,Rainbow-III-Classic,159.891,45.315941667,-75.758366667,2.357,261.678
Georges Home,Rainbow-III-Classic,163.576,45.31638,-75.757176667,3.226,227.228
Georges Home,Rainbow-III-Classic,711.443,45.31541,-75.757593333,2.969,323.93
Georges Home,Rainbow-III-Classic,154.443,45.317748333,-75.757638333,7.205,74.814
Georges Home,Rainbow-III-Classic,107.037,45.316463333,-75.758155,14.06,203.398
Georges Home,Rainbow-III-Classic,169.571,45.316603333,-75.757078333,2.814,207.337
Georges Home,Rainbow-III-Classic,150.813,45.317376667,-75.756793333,3.21,150.058
Georges Home,Rainbow-III-Classic,168.916,45.317858333,-75.757591667,3.061,67.829
Georges Home,Rainbow-III-Classic,92.504,45.31806,-75.757346667,6.168,71.653
Georges Home,Rainbow-III-Classic,163.072,45.316501667,-75.757123333,2.953,216.224
Georges Home,Rainbow-III-Classic,80.799,45.317966667,-75.757536667,0.0,63.333
Georges Home,Rainbow-III-Classic,78.413,45.31805,-75.757381667,8.607,69.526
Georges Home,Rainbow-III-Classic,83.07,45.31744,-75.756775,3.318,146.465
Georges Home,Rainbow-III-Classic,91.744,45.316245,-75.757266667,7.699,239.076
Georges Home,Rainbow-III-Classic,95.183,45.317578333,-75.756723333,12.439,140.333
Georges Home,Rainbow-III-Classic,157.387,45.31629,-75.757205,3.457,235.872
Georges Home,Rainbow-III-Classic,77.415,45.317493333,-75.757748333,8.18,95.652
Georges Home,Rainbow-III-Classic,76.122,45.318058333,-75.757386667,2.727,68.808
Georges Home,Rainbow-III-Classic,102.246,45.315816667,-75.758426667,13.687,275.818
Georges Home,Rainbow-III-Classic,158.65,45.317223333,-75.756855,2.44,158.863
Georges Home,Rainbow-III-Classic,335.526,45.31524,-75.75792,2.672,340.03
Georges Home,Rainbow-III-Classic,73.832,45.316676667,-75.758086667,8.54,179.874
Georges Home,Rainbow-III-Classic,78.614,45.317858333,-75.756658333,2.624,130.085
Georges Home,Rainbow-III-Classic,77.179,45.317575,-75.757715,3.066,88.37
Georges Home,Rainbow-III-Classic,79.059,45.31567,-75.757476667,3.395,296.983
Georges Home,Rainbow-III-Classic,174.206,45.316971667,-75.75694,3.277,176.95
Georges Home,Rainbow-III-Classic,159.561,45.316978333,-75.757955,3.245,147.376
Georges Home,Rainbow-III-Classic,255.034,45.315278333,-75.75816,3.195,335.081
Georges Home,Rainbow-III-Classic,96.733,45.316736667,-75.758053333,3.292,173.366
Georges Home,Rainbow-III-Classic,78.819,45.316798333,-75.757041667,7.877,189.292
Georges Home,Rainbow-III-Classic,77.962,45.31616,-75.758286667,8.308,237.181
Georges Home,Rainbow-III-Classic,73.162,45.317966667,-75.757555,0.0,62.16
Georges Home,Rainbow-III-Classic,155.212,45.31675,-75.75703,2.854,194.453
Georges Home,Rainbow-III-Classic,78.747,45.317905,-75.756706667,6.931,124.686
Georges Home,Rainbow-III-Classic,185.776,45.31799,-75.7575,0.261,64.314
Georges Home,Rainbow-III-Classic,159.485,45.315615,-75.75751,11.726,302.509
Georges Home,Rainbow-III-Classic,73.239,45.317923333,-75.756701667,2.5,124.365
Georges Home,Rainbow-III-Classic,89.181,45.317095,-75.757918333,3.143,134.968
Georges Home,Rainbow-III-Classic,174.419,45.31727,-75.756838333,2.937,155.91
Georges Home,Rainbow-III-Classic,108.6,45.317695,-75.757675,12.491,78.139
Georges Home,Rainbow-III-Classic,196.594,45.317966667,-75.757536667,0.0,63.333
Georges Home,Rainbow-III-Classic,169.063,45.317088333,-75.757913333,3.143,135.763
Georges Home,Rainbow-III-Classic,156.261,45.31536,-75.758441667,2.598,326.548
Georges Home,Rainbow-III-Classic,78.736,45.318023333,-75.757525,2.118,60.74
Georges Home,Rainbow-III-Classic,398.728,45.318005,-75.757028333,6.477,97.191
Georges Home,Rainbow-III-Classic,86.403,45.315986667,-75.757368333,8.985,264.483
Georges Home,Rainbow-III-Classic,77.595,45.316593333,-75.758113333,3.303,189.039
Georges Home,Rainbow-III-Classic,162.582,45.316203333,-75.757238333,3.354,244.165
Georges Home,Rainbow-III-Classic,80.116,45.317208333,-75.757863333,7.979,123.404
Georges Home,Rainbow-III-Classic,140.593,45.317936667,-75.756745,8.895,120.669
Georges Home,Rainbow-III-Classic,78.531,45.317333333,-75.757823333,10.253,110.663
Georges Home,Rainbow-III-Classic,79.625,45.3167,-75.757076667,7.913,197.716
Georges Home,Rainbow-III-Classic,78.986,45.317966667,-75.757561667,2.948,61.736
Georges Home,Rainbow-III-Classic,79.054,45.315423333,-75.7576,6.791,322.388
Georges Home,Rainbow-III-Classic,93.125,45.31661,-75.757091667,3.102,206.224
Georges Home,Rainbow-III-Classic,127.473,45.315228333,-75.758025,2.86,340.896
Georges Home,Rainbow-III-Classic,156.359,45.317933333,-75.757556667,2.404,64.291
Georges Home,Rainbow-III-Classic,79.955,45.316036667,-75.758326667,3.318,250.989
Georges Home,Rainbow-III-Classic,166.548,45.3167,-75.757046667,2.552,198.774
Georges Home,Rainbow-III-Classic,154.379,45.31533,-75.75836,2.351,329.568
Georges Home,Rainbow-III-Classic,81.38,45.316101667,-75.757321667,14.847,253.084
Georges Home,Rainbow-III-Classic,158.2,45.316533333,-75.758133333,2.536,195.656
Georges Home,Rainbow-III-Classic,81.979,45.317971667,-75.757533333,1.307,63.231
Georges Home,Rainbow-III-Classic,93.073,45.31787,-75.757585,6.344,67.284
Georges Home,Rainbow-III-Classic,177.987,45.317058333,-75.756911667,3.015,170.347
Georges Home,Rainbow-III-Classic,212.655,45.317026667,-75.756938333,3.812,171.985
Georges Home,Rainbow-III-Classic,89.447,45.31659,-75.758108333,8.025,189.424
Georges Home,Rainbow-III-Classic,79.319,45.317573333,-75.756723333,3.03,140.649
Georges Home,Rainbow-III-Classic,171.557,45.315551667,-75.757543333,7.558,308.992
Georges Home,Rainbow-III-Classic,154.144,45.316835,-75.756996667,3.092,187.474
Georges Home,Rainbow-III-Classic,81.56,45.31771,-75.756673333,2.854,136.032
Georges Home,Rainbow-III-Classic,76.255,45.31777,-75.757631667,7.357,73.195
Georges Home,Rainbow-III-Classic,152.452,45.316001667,-75.758336667,2.392,254.908
Georges Home,Rainbow-III-Classic,78.93,45.315465,-75.75758,7.429,318.042
Georges Home,Rainbow-III-Classic,77.809,45.316921667,-75.757985,3.457,153.348
Georges Home,Rainbow-III-Classic,76.818,45.318025,-75.757055,8.596,94.495
Georges Home,Rainbow-III-Classic,168.157,45.317988333,-75.757505,0.131,64.078
Georges Home,Rainbow-III-Classic,157.908,45.315321667,-75.758333333,2.372,330.42
Georges Home,Rainbow-III-Classic,78.481,45.317245,-75.757856667,3.22,119.542
Georges Home,Rainbow-III-Classic,81.987,45.317811667,-75.756648333,2.782,132.817
Georges Home,Rainbow-III-Classic,162.984,45.316025,-75.75833,2.532,252.295
Georges Home,Rainbow-III-Classic,88.408,45.31732,-75.756818333,3.586,153.01
Georges Home,Rainbow-III-Classic,85.332,45.317685,-75.756686667,11.698,136.468
Georges Home,Rainbow-III-Classic,86.413,45.317091667,-75.756923333,8.406,166.827
Georges Home,Rainbow-III-Classic,160.937,45.316156667,-75.758281667,2.674,237.54
Georges Home,Rainbow-III-Classic,163.322,45.315233333,-75.757888333,2.608,340.938
Georges Home,Rainbow-III-Classic,151.545,45.318016667,-75.757498333,0.72,62.925
Georges Home,Rainbow-III-Classic,153.671,45.31706,-75.757925,3.112,138.726
Georges Home,Rainbow-III-Classic,89.482,45.316376667,-75.758195,8.36,213.001
Georges Home,Rainbow-III-Classic,83.348,45.317036667,-75.757935,12.239,141.171
Georges Home,Rainbow-III-Classic,176.461,45.3164,-75.758186667,2.418,210.41
Georges Home,Rainbow-III-Classic,81.714,45.318045,-75.757456667,3.21,64.385
Georges Home,Rainbow-III-Classic,79.15,45.31797,-75.756868333,6.461,110.319
Georges Home,Rainbow-III-Classic,88.33,45.317158333,-75.756885,3.689,162.842
Georges Home,Rainbow-III-Classic,81.128,45.315243333,-75.758096667,2.969,339.052
Georges Home,Rainbow-III-Classic,72.803,45.317908333,-75.756678333,2.382,126.647
Georges Home,Rainbow-III-Classic,103.629,45.315945,-75.757356667,3.349,269.196
Georges Home,Rainbow-III-Classic,81.144,45.317768333,-75.757645,3.292,72.713
Georges Home,Rainbow-III-Classic,80.323,45.315203333,-75.75787,2.912,344.368
Georges Home,Rainbow-III-Classic,79.132,45.317326667,-75.757821667,3.318,111.412
Georges Home,Rainbow-III-Classic,78.427,45.317781667,-75.756665,10.001,133.012
Georges Home,Rainbow-III-Classic,159.728,45.317245,-75.756846667,2.567,157.508
Georges Home,Rainbow-III-Classic,151.411,45.316943333,-75.756985,8.576,177.658
Georges Home,Rainbow-III-Classic,82.737,45.315585,-75.757533333,11.762,305.472
Georges Home,Rainbow-III-Classic,73.056,45.317788333,-75.756625,2.495,135.546
Georges Home,Rainbow-III-Classic,81.591,45.315338333,-75.758398333,6.78,328.772
Georges Home,Rainbow-III-Classic,185.034,45.316453333,-75.757141667,2.845,220.637
Georges Home,Rainbow-III-Classic,152.766,45.315408333,-75.75851,2.685,321.548
Georges Home,Rainbow-III-Classic,72.362,45.317736667,-75.756663333,3.051,135.342
Georges Home,Rainbow-III-Classic,80.421,45.317243333,-75.75686,13.499,156.944
Georges Home,Rainbow-III-Classic,176.514,45.31716,-75.756878333,2.696,163.03
Georges Home,Rainbow-III-Classic,75.443,45.315401667,-75.757608333,8.607,324.676
Georges Home,Rainbow-III-Classic,84.512,45.316971667,-75.756968333,8.056,175.721
Georges Home,Rainbow-III-Classic,160.969,45.3158,-75.757413333,3.015,283.85
